<?xml version="1.0" encoding="utf-8"?>
<style title="Abyss" description="Dive In" user_selectable="1">
  <properties>
    <property property_name="uix_primaryColor" property_type="scalar"><![CDATA[rgb(36, 131, 198)]]></property>
    <property property_name="uix_secondaryColor" property_type="scalar"><![CDATA[#202020]]></property>
    <property property_name="uix_tertiaryColor" property_type="scalar"><![CDATA[rgb(62, 194, 218)]]></property>
    <property property_name="pageBackground" property_type="scalar"><![CDATA[rgb(36, 36, 36)]]></property>
    <property property_name="contentBackground" property_type="scalar"><![CDATA[#202020]]></property>
    <property property_name="textCtrlBackground" property_type="scalar"><![CDATA[#101010]]></property>
    <property property_name="contentText" property_type="scalar"><![CDATA[#878787]]></property>
    <property property_name="textCtrlText" property_type="scalar"><![CDATA[rgb(207, 207, 207)]]></property>
    <property property_name="dimmedTextColor" property_type="scalar"><![CDATA[rgb(102, 102, 102)]]></property>
    <property property_name="mutedTextColor" property_type="scalar"><![CDATA[rgb(118, 118, 118)]]></property>
    <property property_name="faintTextColor" property_type="scalar"><![CDATA[rgb(144, 144, 144)]]></property>
    <property property_name="inlineMod" property_type="scalar"><![CDATA[rgba(6, 13, 20, .4)]]></property>
    <property property_name="primaryDarker" property_type="scalar"><![CDATA[#cbcbcb]]></property>
    <property property_name="primaryDark" property_type="scalar"><![CDATA[rgb(83, 83, 83)]]></property>
    <property property_name="primaryMedium" property_type="scalar"><![CDATA[#aaa]]></property>
    <property property_name="primaryLightish" property_type="scalar"><![CDATA[rgb(187, 187, 187)]]></property>
    <property property_name="primaryLight" property_type="scalar"><![CDATA[rgb(76, 76, 76)]]></property>
    <property property_name="primaryLighter" property_type="scalar"><![CDATA[rgb(62, 62, 62)]]></property>
    <property property_name="primaryLighterStill" property_type="scalar"><![CDATA[rgb(46, 46, 46)]]></property>
    <property property_name="primaryLightest" property_type="scalar"><![CDATA[rgb(31, 31, 31)]]></property>
    <property property_name="secondaryDarker" property_type="scalar"><![CDATA[rgb(163, 163, 163)]]></property>
    <property property_name="secondaryDark" property_type="scalar"><![CDATA[#878787]]></property>
    <property property_name="secondaryMedium" property_type="scalar"><![CDATA[#494949]]></property>
    <property property_name="secondaryLight" property_type="scalar"><![CDATA[#3a3a3a]]></property>
    <property property_name="secondaryLighter" property_type="scalar"><![CDATA[rgb(55, 55, 55)]]></property>
    <property property_name="secondaryLightest" property_type="scalar"><![CDATA[rgb(26, 26, 26)]]></property>
    <property property_name="imagePath" property_type="scalar"><![CDATA[styles/abyss]]></property>
    <property property_name="xenith_bg" property_type="scalar"><![CDATA[@imagePath/abyss/bg.jpg]]></property>
    <property property_name="uix_footer_link_style" property_type="css"><![CDATA[{"color":"@primaryDarker","text-decoration":{"none":"none"}}]]></property>
    <property property_name="uix_textLogo" property_type="css"><![CDATA[{"color":"rgba(255, 255, 255, .8)","extra":"display: inline;\nvertical-align: middle;\ntext-transform: uppercase;","font-family":"@uix_secondaryFont","font-size":"30px","font-weight":"bold","text-decoration":{"none":"none"}}]]></property>
    <property property_name="navLink" property_type="css"><![CDATA[{"color":"rgba(255, 255, 255, 0.8)","extra":"display: block;\nfloat: left;\nvertical-align: text-bottom;\ntext-align: center;\noutline: 0 none;\ntext-transform: uppercase;\nbox-sizing: border-box;","font-weight":"bold","padding-left":"8px","padding-right":"8px"}]]></property>
    <property property_name="uix_navTabOpen" property_type="css"><![CDATA[{"background-color":"@popupControl.background-color","border-color":"transparent","color":"#FFF"}]]></property>
    <property property_name="xenith_bgOpacity" property_type="scalar"><![CDATA[.4]]></property>
    <property property_name="uix_userBarLink" property_type="css"><![CDATA[{"color":"@primaryDarker","extra":"position: relative ;\nline-height: @uix_userBarHeight;\ntext-transform: none;\n\/* alert bubbles *\/","height":"@uix_userBarHeight","padding-left":"10px","padding-right":"10px"}]]></property>
    <property property_name="uix_footer_col4_content" property_type="scalar"><![CDATA[We will not send you spam, just quality information.

<div class="xenithDark_newsletterBlock">
<div class="uix_footer_textCtrl">
<span class="uix_icon uix_icon-newsletter"></span>
<input class="textCtrl textCtrl_block" placeholder="Enter your email">
<input class="button primary" type="submit">
</div>
</div>]]></property>
    <property property_name="uix_cssTemplate" property_type="scalar"><![CDATA[xenith,xenith_icons,abyss]]></property>
    <property property_name="uix_logoText" property_type="scalar"><![CDATA[Abyss]]></property>
    <property property_name="uix_jsPath" property_type="scalar"><![CDATA[abyss]]></property>
    <property property_name="uix_welcomeBlockHeader_text" property_type="scalar"><![CDATA[Dive In]]></property>
    <property property_name="uix_welcomeBlock_style" property_type="css"><![CDATA[{"color":"@primaryDarker","extra":"text-align: center;","font-family":"@uix_secondaryFont","font-size":"15px","margin-all":"0","padding-all":"@uix_gutterWidth","padding-bottom":"80px","padding-top":"100px"}]]></property>
    <property property_name="subHeading" property_type="css"><![CDATA[{"background-color":"@secondaryMedium","border-width":"0","color":"@primaryLightish","font-size":"@uix_globalFontSize","margin-bottom":"0","margin-left":"auto","margin-right":"auto","margin-top":"3px","padding-bottom":"10px","padding-left":"@uix_gutterWidthSmall","padding-right":"@uix_gutterWidthSmall","padding-top":"10px","text-decoration":{"none":"none"}}]]></property>
    <property property_name="discussionListOptions" property_type="css"><![CDATA[{"border-top-color":"@primaryLight","border-top-style":"solid","border-top-width":"1px","extra":"line-height: @uix_formElementHeight;\noverflow: hidden;\nzoom: 1;","font-size":"@uix_globalSmallFontSize","margin-all":"0"}]]></property>
    <property property_name="discussionListOptionsHandleLink" property_type="css"><![CDATA[{"background-color":"@sectionFooter.background-color","border-bottom-left-radius":"@uix_globalBorderRadius","border-bottom-right-radius":"@uix_globalBorderRadius","border-color":"transparent","border-style":"solid","border-top-color":"black","border-top-style":"none","border-top-width":"1px","border-width":"1px","color":"@faintTextColor","extra":"display: inline-block;\noutline: 0;\nposition: relative;\nright: -50%;\nbox-shadow: 1px 2px 2px rgba(0,0,0,0.1);","font-size":"@uix_globalSmallFontSize","margin-bottom":"0","margin-left":"auto","margin-right":"auto","margin-top":"0","padding-bottom":"0","padding-left":"@uix_gutterWidthSmall","padding-right":"@uix_gutterWidthSmall","padding-top":"0"}]]></property>
    <property property_name="section" property_type="css"><![CDATA[{"margin-bottom":"@uix_gutterWidth","margin-left":"auto","margin-right":"auto","margin-top":"@uix_gutterWidth"}]]></property>
    <property property_name="tab" property_type="css"><![CDATA[{"background-color":"@primaryLighterStill","color":"#FFF","extra":"display: inline-block;\ncursor: pointer;\noutline: 0 none;\nwhite-space: nowrap;\nword-wrap: normal;\ntext-transform: uppercase;\nposition: relative;","padding-all":"15px","text-decoration":{"none":"none"}}]]></property>
    <property property_name="xenith_bgMask" property_type="scalar"><![CDATA[rgb(32, 120, 132)]]></property>
    <property property_name="uix_fixedNavigation_style" property_type="css"><![CDATA[{"background-color":"@primaryLightest","border-bottom-width":"@navTabs.border-bottom-width","border-radius":"0","border-top-width":"@navTabs.border-top-width","padding-bottom":"15px","padding-top":"15px"}]]></property>
    <property property_name="uix_tabLinksSticky_style" property_type="css"><![CDATA[{"background-color":"@primaryLightest","border-bottom-width":"@uix_tabLinks_style.border-bottom-width","border-top-color":"rgba(255, 255, 255, .1)","border-top-style":"solid","border-top-width":"1px","margin-top":"0","padding-bottom":"8px","padding-top":"8px"}]]></property>
    <property property_name="uix_userBar_style" property_type="css"><![CDATA[{"background-color":"@uix_secondaryColor","border-radius":"@uix_globalLargeBorderRadius","border-style":"none","font-size":"13px","padding-bottom":"0","padding-top":"0"}]]></property>
    <property property_name="uix_footer_columns_style" property_type="css"><![CDATA[{"background-color":"@primaryLightest","border-radius":"@uix_globalLargeBorderRadius","border-top-color":"@primaryLighter","border-top-style":"solid","border-top-width":"1px","color":"@primaryLightish","extra":"clear: both;","margin-bottom":"0","margin-top":"@uix_gutterWidth"}]]></property>
    <property property_name="footer" property_type="css"><![CDATA[{"background-color":"@primaryLighterStill","border-radius":"@uix_primaryBorder.border-radius","border-top-color":"@secondaryLighter","border-top-style":"solid","border-top-width":"1px","color":"@primaryLightish","extra":"zoom: 1;\nline-height: @uix_footerHeight;\nmin-height: 20px;","font-size":"@uix_globalFontSize","height":"@uix_footerHeight","margin-bottom":"0","margin-top":"0","padding-left":"@uix_gutterWidthSmall","padding-right":"@uix_gutterWidthSmall"}]]></property>
    <property property_name="footerLink" property_type="css"><![CDATA[{"color":"@primaryLightish","extra":"display: block;","padding-left":"5px","padding-right":"5px"}]]></property>
    <property property_name="uix_footerLegal_style" property_type="css"><![CDATA[{"background-color":"@primaryLightest","border-radius":"@uix_globalLargeBorderRadius","color":"@primaryMedium","font-size":"@uix_globalSmallFontSize","margin-bottom":"0","margin-top":"0","padding-bottom":"@uix_gutterWidth","padding-top":"@uix_gutterWidth"}]]></property>
    <property property_name="breadcrumbJumpMenuTrigger" property_type="css"><![CDATA[{"background-color":"transparent","border-color":"@primaryLight","border-radius":"18px","border-style":"solid","border-width":"1px","color":"@primaryDark","extra":"display: inline-block;\nbox-sizing: border-box;\nfloat: right;\nwhite-space: nowrap;\noverflow: hidden;\n\ntext-align: center;\nmin-width: @breadcrumb.height;","font-size":"18px","padding-left":"10px","padding-right":"10px"}]]></property>
    <property property_name="navTabSelected" property_type="css"><![CDATA[{"color":"@uix_tertiaryColor"}]]></property>
    <property property_name="memberCardBox" property_type="css"><![CDATA[{"background-color":"@primaryLightest","border-radius":"@uix_globalLargeBorderRadius","color":"white","extra":"overflow: hidden;\nmax-width: 565px;\nbox-shadow: 0 0 15px 0 rgba(0,0,0, 0.8);","padding-all":"@uix_gutterWidthSmall"}]]></property>
  </properties>
  <templates>
    <template title="abyss.css" addon_id="" version_id="0" version_string="" disable_modifications="0"><![CDATA[.xenithDark_newsletterBlock .uix_icon {
	color: {xen:property primaryMedium};
}

.discussionList .heading {color: {xen:property secondaryDark};}
.discussionList .sectionHeaders a
{
	color: {xen:property secondaryDark};
}

.nodeList .node.category.collapsed .categoryStrip {border-top-color: {xen:property primaryLight};}
.uix_breadCrumb_toggleList li.toggleList_item {border-color: {xen:property primaryLight};}

.xenith_bg {background-position: 50% 50%;}]]></template>
  </templates>
</style>
