<?xml version="1.0" encoding="ISO-8859-1"?>
<css product="vbulletin">
	<rollup name="main-cssnormalization.css">
		<template>css_reset.css</template>
		<template>css_unreset.css</template>
		<template>css_utilities.css</template>
	</rollup>
	<rollup name="main.css">
		<template>css_imgareaselect-animated.css</template>
		<template>css_jquery-ui-1_8_14_custom.css</template>
		<template>css_jquery_qtip_min.css</template>
		<template>css_jquery_selectBox.css</template>
		<template>css_global.css</template>
		<template>css_fonts.css</template>
		<template>css_b_link.css</template>
		<template>css_b_layout.css</template>
		<template>css_b_button.css</template>
		<template>css_b_button_group.css</template>
		<template>css_b_dropdown.css</template>
		<template>css_b_icon.css</template>
		<template>css_b_tabbed_pane.css</template>
		<template>css_b_form_control.css</template>
		<template>css_b_form_input.css</template>
		<template>css_b_form_select.css</template>
		<template>css_b_form_textarea.css</template>
		<template>css_b_media.css</template>
		<template>css_b_divider.css</template>
		<template>css_b_avatar.css</template>
		<template>css_b_ajax_loading_indicator.css</template>
		<template>css_b_topicpreview.css</template>
		<template>css_responsive.css</template>
	</rollup>
	<rollup name="sitebuilder-before.css">
		<template>css_jquery_thumbnail-radio-checkbox.css</template>
		<template>css_jquery_datatables.css</template>
	</rollup>
	<rollup name="sitebuilder-after.css">
		<template>css_sitebuilder.css</template>
		<template>color_style.css</template>
	</rollup>
	<rollup name="content-entry.css">
		<template>css_b_content_entry.css</template>
		<template>css_b_toolbar.css</template>
		<template>css_b_content_entry_panel.css</template>
		<template>css_b_editor.css</template>
		<template>css_b_smilie.css</template>
		<template>css_b_file_chooser.css</template>
		<template>css_b_attach_item.css</template>
		<template>css_b_link_input.css</template>
		<template>css_b_link_content.css</template>
		<template>css_b_table.css</template>
		<template>css_b_poll_fieldset.css</template>
		<template>css_b_datepicker.css</template>
	</rollup>
	<rollup name="postbit.css">
		<template>css_b_post.css</template>
		<template>css_b_post_control.css</template>
		<template>css_b_post_attachments.css</template>
		<template>css_b_comments.css</template>
		<template>css_b_comment.css</template>
		<template>css_b_comment_entry.css</template>
		<template>css_b_userinfo.css</template>
		<template>css_b_meter.css</template>
		<template>css_b_inlinemod.css</template>
	</rollup>
	<rollup name="gallery.css">
		<template>css_b_gallery_thumbnail_list.css</template>
		<template>css_b_photo_count.css</template>
	</rollup>
	<rollup name="help.css">
		<template>css_help.css</template>
		<template>css_b_help_table.css</template>
	</rollup>
	<rollup name="memberlist.css">
		<template>css_memberlist.css</template>
		<template>css_b_memberlist.css</template>
	</rollup>
</css>
