<?xml version="1.0" encoding="utf-8"?>
<style title="Archon Child v1 (Rename and edit this as your own)" description="Archon Child v1" user_selectable="1">
  <properties>
    <property property_name="xb_vertical_nav" property_type="scalar"><![CDATA[0]]></property>
    <property property_name="xb_nav_disablesub" property_type="scalar"><![CDATA[0]]></property>
    <property property_name="xb_leftSidebar" property_type="scalar"><![CDATA[0]]></property>
  </properties>
  <templates>
    <template title="xb_custom_style.css" addon_id="" version_id="0" version_string="" disable_modifications="0"><![CDATA[.XenBase.Sidebar .sideContainer
{
	border-top-width: 0px;
}]]></template>
  </templates>
</style>
